create_client,2026-05-30T15:46:43.910601100Z
create_client,2026-05-30T15:46:43.951819500Z
create_client,2026-05-30T15:46:43.986516800Z
create_employee,2026-05-30T15:46:44.009685100Z
create_account_objects,2026-05-30T15:46:44.032048500Z
create_account,2026-05-30T15:46:44.057451700Z
create_account,2026-05-30T15:46:44.092097200Z
create_account,2026-05-30T15:46:44.114515Z
create_account,2026-05-30T15:46:44.147840300Z
register_account,2026-05-30T15:46:44.152529600Z
register_account,2026-05-30T15:46:44.156061800Z
register_account,2026-05-30T15:46:44.156061800Z
register_account,2026-05-30T15:46:44.164508900Z
assign_account_and_issue_card,2026-05-30T15:46:44.284775500Z
assign_account_and_issue_card,2026-05-30T15:46:44.311083400Z
assign_account_and_issue_card,2026-05-30T15:46:44.334766800Z
deposit_withdraw,2026-05-30T15:46:44.352152800Z
deposit_withdraw,2026-05-30T15:46:44.379936300Z
deposit_withdraw,2026-05-30T15:46:44.405338800Z
deposit_withdraw,2026-05-30T15:46:44.437552800Z
deposit_withdraw,2026-05-30T15:46:44.470193200Z
deposit_withdraw,2026-05-30T15:46:44.532644100Z
deposit_withdraw,2026-05-30T15:46:44.543113600Z
transfer_money,2026-05-30T15:46:44.587561400Z
deposit_withdraw,2026-05-30T15:46:44.616757800Z
deposit_withdraw,2026-05-30T15:46:44.627610300Z
transfer_money,2026-05-30T15:46:44.657515300Z
deposit_withdraw,2026-05-30T15:46:44.699237600Z
deposit_withdraw,2026-05-30T15:46:44.706774400Z
transfer_money,2026-05-30T15:46:44.747996200Z
list_and_sort,2026-05-30T15:46:44.798394500Z
remove_entity,2026-05-30T15:46:44.823851400Z
remove_entity,2026-05-30T15:46:44.842991200Z
deposit_withdraw,2026-05-30T15:46:44.861032100Z
create_client,2026-05-30T15:48:52.501833900Z
create_client,2026-05-30T15:48:52.534320100Z
create_client,2026-05-30T15:48:52.568079800Z
create_employee,2026-05-30T15:48:52.592618900Z
create_account_objects,2026-05-30T15:48:52.620342700Z
create_account,2026-05-30T15:48:52.647473700Z
create_account,2026-05-30T15:48:52.680134600Z
create_account,2026-05-30T15:48:52.716042700Z
create_account,2026-05-30T15:48:52.749970800Z
register_account,2026-05-30T15:48:52.755072700Z
register_account,2026-05-30T15:48:52.766348100Z
register_account,2026-05-30T15:48:52.775369500Z
register_account,2026-05-30T15:48:52.782726800Z
assign_account_and_issue_card,2026-05-30T15:48:52.943620200Z
assign_account_and_issue_card,2026-05-30T15:48:52.979921300Z
assign_account_and_issue_card,2026-05-30T15:48:53.011328Z
deposit_withdraw,2026-05-30T15:48:53.051410500Z
deposit_withdraw,2026-05-30T15:48:53.099551900Z
deposit_withdraw,2026-05-30T15:48:53.155156100Z
deposit_withdraw,2026-05-30T15:48:53.190757800Z
deposit_withdraw,2026-05-30T15:48:53.218846100Z
deposit_withdraw,2026-05-30T15:48:53.360679600Z
deposit_withdraw,2026-05-30T15:48:53.370741300Z
transfer_money,2026-05-30T15:48:53.404540900Z
deposit_withdraw,2026-05-30T15:48:53.434734100Z
deposit_withdraw,2026-05-30T15:48:53.444459900Z
transfer_money,2026-05-30T15:48:53.476277700Z
deposit_withdraw,2026-05-30T15:48:53.509242500Z
deposit_withdraw,2026-05-30T15:48:53.517427800Z
transfer_money,2026-05-30T15:48:53.553736200Z
list_and_sort,2026-05-30T15:48:53.627479600Z
remove_entity,2026-05-30T15:48:53.656357100Z
remove_entity,2026-05-30T15:48:53.686888900Z
deposit_withdraw,2026-05-30T15:48:53.708533500Z
